PM2.5,PM10,NO2,CO,temperature,humidity,wind_speed,traffic_density,AQI_next_24h
143.6,170.6,53.8,0.65,12.2,48.6,3.6,9,191.0
287.7,188.2,137.9,1.28,12.5,43.1,0.5,3,254.0
233.0,174.6,107.2,2.11,30.1,68.5,0.9,5,257.0
199.7,411.8,92.9,2.3,29.8,73.6,5.3,2,295.0
89.0,240.1,34.4,0.91,40.7,41.3,0.9,10,184.0
89.0,123.1,78.1,0.63,29.5,76.8,4.4,5,125.0
64.5,487.6,79.8,2.25,43.6,40.6,5.6,8,252.0
266.5,453.5,132.4,1.28,11.7,51.2,2.0,2,317.0
200.3,471.1,91.1,1.58,13.4,70.9,2.5,8,309.0
227.0,498.0,69.5,2.44,11.5,68.5,3.6,4,336.0
55.1,169.6,147.0,0.63,16.5,89.1,5.3,10,149.0
292.5,258.5,34.4,1.8,28.9,35.8,5.7,10,304.0
258.1,403.3,74.9,0.65,32.6,66.4,4.6,1,287.0
103.1,378.4,25.5,1.25,11.6,62.7,1.0,5,205.0
95.5,161.6,116.2,2.11,43.1,84.1,4.2,1,145.0
95.9,426.3,139.3,1.37,39.5,30.9,2.8,7,245.0
126.1,189.8,56.4,2.49,20.4,72.6,3.1,8,211.0
181.2,189.5,131.6,1.62,12.7,59.8,0.8,3,199.0
158.0,314.8,58.0,1.14,15.9,39.2,1.6,3,213.0
122.8,337.2,138.4,0.94,14.4,53.2,4.8,7,233.0
203.0,332.0,118.0,1.2,14.3,43.4,3.0,4,264.0
84.9,136.6,124.6,1.25,28.1,60.6,2.2,3,142.0
123.0,451.0,22.3,0.64,18.6,82.2,2.6,8,233.0
141.6,206.2,145.2,1.24,22.5,59.9,5.2,3,191.0
164.0,151.8,114.5,1.43,44.6,64.2,4.6,7,207.0
246.3,455.5,59.6,1.95,34.0,56.3,2.0,2,308.0
99.9,482.3,127.8,1.81,43.2,23.6,1.1,1,265.0
178.6,444.9,56.6,1.92,15.0,36.3,1.9,6,308.0
198.1,423.8,133.5,0.52,23.4,54.4,5.6,8,288.0
61.6,362.1,34.6,0.94,29.4,41.7,3.7,1,161.0
201.9,320.3,111.5,1.82,12.7,32.7,3.4,10,311.0
92.6,134.8,90.3,1.47,10.1,55.3,3.8,9,170.0
66.3,263.4,32.5,0.51,33.5,42.6,2.5,3,141.0
287.2,249.1,51.4,2.11,32.5,38.1,4.9,3,281.0
291.4,203.9,21.6,2.05,24.4,52.5,3.4,4,293.0
252.1,389.4,80.9,1.6,27.1,29.3,1.1,1,286.0
126.2,298.4,59.2,0.63,24.5,84.9,1.2,9,216.0
74.4,132.4,97.8,2.03,10.8,80.7,3.5,3,134.0
221.1,188.1,58.6,1.67,21.7,69.5,5.7,10,252.0
160.0,373.3,59.0,2.06,16.2,27.4,2.2,4,249.0
80.5,130.5,116.6,2.0,13.4,74.3,5.3,1,128.0
173.8,440.5,26.3,2.11,43.5,76.6,4.7,4,266.0
58.6,298.1,137.4,1.54,31.0,73.7,1.9,1,177.0
277.3,292.2,130.8,0.78,35.5,28.0,0.7,5,282.0
114.7,337.0,106.8,1.84,21.0,65.1,1.1,5,233.0
215.6,429.9,97.1,1.74,23.8,78.4,4.5,7,316.0
127.9,239.1,136.0,1.98,18.3,60.4,1.6,8,230.0
180.0,371.2,44.1,0.84,13.4,65.2,2.5,4,259.0
186.7,326.3,30.3,0.89,16.3,52.1,3.3,7,239.0
96.2,206.8,51.1,2.28,37.9,57.0,4.5,4,184.0
292.4,451.5,123.3,2.0,33.7,22.4,1.1,3,352.0
243.8,419.0,24.5,2.32,29.1,64.7,2.7,6,338.0
284.9,363.4,95.8,2.02,26.6,25.7,3.2,4,326.0
273.7,440.2,149.4,1.69,42.3,50.5,3.5,3,338.0
199.5,446.9,131.2,1.81,12.5,40.5,5.0,9,316.0
280.5,383.3,87.8,2.28,19.8,58.2,1.4,5,327.0
72.1,434.8,28.3,1.66,22.2,29.3,4.9,7,226.0
99.0,379.0,128.1,1.76,37.4,68.4,4.3,6,216.0
61.3,372.1,97.9,0.81,44.7,75.7,3.6,10,222.0
131.3,347.4,34.9,1.45,18.4,31.4,4.3,5,225.0
147.2,401.1,32.2,1.93,40.6,27.3,2.8,7,275.0
117.8,163.4,138.3,1.04,39.1,30.2,1.3,6,173.0
257.2,452.3,107.0,0.9,17.9,81.4,4.2,10,345.0
139.2,448.7,127.8,1.13,24.0,57.0,3.4,2,263.0
120.2,111.7,134.3,0.98,24.3,52.7,4.0,3,142.0
185.7,430.3,94.3,0.93,44.2,27.5,2.4,2,267.0
85.2,151.5,87.3,1.35,16.3,65.5,5.5,3,136.0
250.5,234.0,76.0,2.32,38.0,80.8,3.7,1,263.0
68.6,397.4,61.2,1.51,21.7,78.0,1.0,8,217.0
296.7,164.3,76.5,0.88,35.6,63.8,3.0,6,235.0
243.1,427.2,120.6,0.65,24.7,25.3,4.7,2,306.0
99.7,432.9,98.3,1.89,30.2,27.9,4.9,8,286.0
51.4,303.0,136.0,1.27,39.1,23.5,3.2,6,166.0
253.9,102.6,77.6,2.14,38.1,38.0,5.4,7,243.0
226.7,214.8,98.9,1.82,40.3,29.5,2.0,1,231.0
232.3,346.8,102.1,2.09,12.1,38.2,2.8,7,314.0
242.8,492.5,96.9,1.04,34.2,47.0,5.4,3,332.0
68.5,352.7,111.3,1.88,14.9,86.0,5.4,8,218.0
139.6,203.9,50.9,1.03,24.6,62.7,4.3,6,177.0
79.0,353.6,86.6,2.38,29.2,78.4,5.2,4,222.0
265.8,316.0,33.5,1.77,24.1,69.7,1.0,8,297.0
205.8,411.9,70.0,1.15,28.2,27.9,5.3,9,274.0
132.7,142.8,83.4,1.04,44.9,71.5,2.3,10,186.0
65.9,404.4,104.8,0.88,14.7,39.3,1.5,2,201.0
127.7,316.5,143.6,1.89,33.6,64.7,1.8,6,241.0
131.3,485.2,98.1,0.94,23.9,43.9,2.8,5,271.0
232.4,236.7,116.7,1.69,14.7,89.8,1.9,5,262.0
209.4,353.0,85.8,1.03,15.6,38.4,2.3,10,280.0
271.8,472.8,102.4,1.82,43.2,39.5,1.2,3,340.0
168.1,141.0,29.2,2.13,40.8,85.1,2.1,8,197.0
79.9,474.9,53.1,2.06,41.7,21.7,3.6,8,264.0
228.3,375.2,67.0,2.02,44.7,68.8,2.9,5,299.0
240.2,127.1,81.4,0.88,17.3,70.8,2.4,8,224.0
190.3,220.4,25.9,0.68,22.4,78.5,4.6,10,215.0
242.7,383.3,38.2,1.9,33.4,88.2,5.4,8,307.0
173.4,126.9,56.0,1.24,26.9,88.3,4.7,3,173.0
180.7,332.9,146.3,1.36,24.6,24.6,2.3,2,250.0
156.9,238.4,63.1,0.56,22.5,77.5,4.6,9,210.0
56.4,348.4,82.7,1.02,30.8,65.2,1.3,2,169.0
77.0,118.3,45.5,0.57,30.1,65.3,1.2,9,144.0
57.9,448.6,99.4,2.26,15.7,29.0,2.4,4,231.0
209.1,489.4,56.5,0.99,26.5,65.5,4.9,2,304.0
128.6,487.6,46.9,1.61,29.4,88.8,1.9,10,284.0
177.1,399.9,87.2,0.58,30.0,83.8,0.8,1,244.0
276.9,152.0,20.7,1.83,17.4,50.7,1.2,4,248.0
112.3,403.3,21.0,1.15,36.0,22.8,5.2,9,271.0
152.6,109.8,48.5,2.3,10.9,45.4,4.0,9,194.0
238.9,108.8,24.8,2.28,22.4,77.8,1.9,4,197.0
107.2,229.4,34.0,1.15,37.3,69.1,3.6,9,206.0
69.2,295.5,64.1,2.3,29.7,52.2,3.4,6,191.0
122.4,408.2,124.3,2.49,19.1,23.9,4.1,1,257.0
90.3,373.3,94.4,2.15,34.3,49.9,1.8,10,271.0
282.4,278.4,86.6,2.19,29.9,52.8,5.3,6,311.0
252.0,209.5,58.2,1.0,37.9,85.0,2.2,9,262.0
208.4,498.8,141.1,1.65,35.7,64.9,4.3,2,315.0
267.9,270.5,71.6,0.63,31.4,41.8,0.6,6,273.0
250.9,280.6,31.3,0.69,27.1,56.8,2.5,2,242.0
96.6,165.4,100.2,2.5,14.7,24.6,2.4,4,166.0
273.1,417.9,34.8,1.15,19.1,88.1,3.5,8,347.0
184.8,377.5,64.9,2.0,24.7,45.2,0.9,7,288.0
251.9,188.3,86.0,2.11,31.0,53.5,4.8,9,283.0
274.0,133.0,133.6,2.22,28.0,44.9,1.7,7,277.0
129.5,372.2,84.2,2.5,20.1,67.8,4.2,1,251.0
77.5,361.8,111.3,0.98,10.2,66.4,4.9,2,199.0
107.0,209.3,149.1,0.58,27.4,70.1,3.6,6,174.0
156.8,480.3,37.1,1.32,20.0,38.8,4.6,7,288.0
254.5,160.4,55.7,0.76,35.7,42.1,4.1,3,215.0
265.2,272.9,71.3,0.54,10.8,28.8,2.5,9,288.0
51.7,477.4,74.8,1.22,30.5,65.9,4.9,7,225.0
177.7,267.9,73.4,2.07,43.0,22.8,2.1,6,254.0
154.4,355.4,138.0,1.63,16.1,61.8,3.6,6,251.0
105.5,259.0,112.8,1.13,26.5,80.9,4.6,1,188.0
80.0,209.7,99.0,1.81,13.2,82.4,2.6,5,178.0
134.4,493.6,60.2,0.96,31.9,51.4,2.2,10,286.0
285.7,263.7,127.1,0.53,29.3,52.2,3.0,3,265.0
130.8,457.6,144.2,2.03,24.3,25.4,5.0,7,293.0
179.7,192.0,126.8,1.75,28.2,67.0,5.6,10,244.0
225.8,185.2,20.2,2.02,41.4,77.5,3.5,3,208.0
140.9,112.5,102.7,0.58,16.9,37.1,4.1,5,141.0
292.9,360.7,26.6,2.17,10.8,49.5,5.5,7,334.0
290.6,247.4,53.5,1.74,40.2,78.7,1.0,3,258.0
112.9,445.7,27.7,1.63,30.2,81.4,1.8,10,270.0
174.3,289.3,98.5,1.75,41.2,37.0,4.4,2,224.0
125.2,487.3,109.3,2.23,30.9,58.5,5.0,6,287.0
121.2,174.2,34.9,1.67,38.4,33.5,5.2,8,197.0
59.2,447.4,69.9,1.66,25.0,27.1,2.8,4,215.0
202.4,410.6,79.3,2.48,36.2,83.8,1.0,9,328.0
175.7,408.4,68.0,2.01,42.0,77.4,2.9,8,294.0
62.9,437.9,35.7,1.38,30.0,73.2,1.8,7,228.0
119.7,404.4,74.5,1.91,16.3,23.4,2.1,7,278.0
277.1,350.5,117.7,1.28,19.4,79.1,4.7,3,298.0
109.9,152.5,29.2,0.96,17.0,50.7,0.9,6,157.0
86.2,113.0,30.4,1.69,18.6,44.0,5.1,5,131.0
172.4,468.3,66.1,2.36,20.7,58.3,2.9,1,292.0
296.4,346.7,142.4,2.36,29.4,26.4,3.8,3,334.0
110.5,418.6,106.9,1.18,30.6,73.0,1.0,1,225.0
218.0,292.6,108.2,1.56,24.9,60.8,2.4,4,247.0
240.4,146.9,67.0,0.92,31.5,33.1,1.0,10,234.0
109.4,150.1,97.2,2.49,12.9,33.2,5.8,3,189.0
232.1,374.2,21.3,2.46,13.1,32.9,4.9,4,293.0
141.9,272.1,102.7,1.8,16.0,24.0,3.0,9,260.0
208.1,180.2,138.7,2.11,28.1,61.1,1.7,3,224.0
208.4,296.6,99.6,1.93,17.5,78.8,5.6,6,273.0
183.9,125.7,133.6,1.69,19.9,21.2,2.4,6,205.0
72.6,332.8,114.1,0.61,24.0,23.4,1.4,7,186.0
258.8,207.6,35.7,1.41,38.4,60.1,3.6,9,260.0
130.2,419.0,137.3,1.85,10.5,77.4,5.7,7,269.0
96.6,224.1,28.6,1.86,32.7,42.9,0.5,1,162.0
60.2,282.1,89.4,1.25,33.4,44.5,1.8,8,198.0
197.7,104.6,38.5,2.38,38.0,61.7,5.7,5,208.0
219.4,129.0,21.5,0.83,42.6,39.2,1.4,9,212.0
54.1,257.0,74.9,1.5,10.7,21.9,1.1,10,204.0
178.0,292.0,58.4,1.88,15.4,71.5,3.6,5,245.0
106.6,340.0,83.2,1.89,41.0,63.8,5.2,5,221.0
211.3,216.7,95.0,1.8,26.0,60.7,3.1,2,216.0
93.6,378.0,25.7,1.05,29.8,71.9,6.0,3,211.0
222.7,444.0,36.0,0.81,33.2,67.3,4.2,10,311.0
146.7,411.9,92.6,1.77,33.8,34.4,0.9,9,281.0
284.2,115.8,64.6,1.7,42.6,44.7,6.0,7,246.0
84.4,292.2,114.8,0.86,44.9,28.8,2.7,1,176.0
135.3,142.0,104.8,1.91,35.2,29.1,2.1,3,168.0
78.4,196.8,129.9,1.41,20.1,67.3,3.6,2,159.0
281.2,494.7,110.0,1.84,40.8,80.1,2.2,1,340.0
269.3,157.0,75.9,2.17,11.7,87.4,1.0,9,266.0
114.5,299.6,107.5,0.84,18.1,64.0,0.5,8,211.0
215.0,347.3,55.8,0.54,41.4,32.9,3.0,5,253.0
254.3,381.0,59.8,2.06,19.0,27.4,5.1,2,297.0
188.8,323.9,122.6,1.72,17.7,76.9,3.6,1,242.0
182.4,103.9,78.0,1.9,14.8,60.5,6.0,7,200.0
110.5,230.6,123.8,2.18,40.1,63.3,2.1,2,183.0
73.3,307.1,126.9,2.11,27.5,74.7,2.0,1,189.0
274.3,135.1,131.5,2.42,33.6,69.2,1.4,2,255.0
275.1,240.3,139.2,1.57,18.4,78.4,1.4,7,275.0
208.3,113.3,76.0,1.48,36.5,23.9,2.1,7,223.0
134.8,131.4,61.5,1.3,36.6,72.3,4.9,10,152.0
137.3,258.8,95.7,0.81,20.9,79.6,5.5,6,203.0
231.5,153.1,68.3,1.65,24.4,40.0,5.9,5,231.0
274.3,327.0,98.1,1.05,17.3,64.8,1.8,3,275.0
271.8,375.8,111.7,2.34,44.2,42.0,5.3,3,300.0
245.0,420.2,109.5,1.67,32.6,87.1,2.3,9,337.0
210.5,180.1,68.7,1.69,42.7,22.3,1.1,4,222.0
71.0,167.0,41.7,1.21,20.6,60.6,5.3,9,147.0
90.4,141.8,76.0,0.6,37.4,31.7,4.0,4,119.0
274.6,354.6,38.5,0.56,36.8,69.9,1.4,2,278.0
201.6,382.6,135.7,1.35,34.2,32.3,2.9,4,277.0
52.3,112.6,65.0,0.67,43.8,36.5,2.1,6,95.0
75.4,474.5,40.1,1.71,23.8,54.6,4.6,6,253.0
215.9,120.8,23.3,2.26,14.6,84.0,3.0,5,207.0
51.3,316.5,104.0,2.27,33.5,34.8,5.9,1,174.0
90.2,383.6,102.8,1.82,35.5,30.1,0.8,3,224.0
187.2,448.4,64.3,0.92,30.1,73.1,2.5,5,279.0
223.0,385.6,29.3,2.23,17.2,55.0,3.2,6,301.0
213.0,420.7,73.3,2.27,27.7,83.8,3.3,1,285.0
106.1,235.8,60.5,0.89,20.9,30.3,2.2,9,190.0
228.0,425.9,108.0,1.97,25.0,65.2,4.5,3,299.0
109.3,132.0,98.8,1.07,32.6,36.3,5.3,10,186.0
131.3,457.9,67.4,2.11,36.1,31.0,5.7,3,251.0
236.6,319.0,48.3,2.49,18.1,67.8,4.9,2,276.0
212.4,426.9,148.4,0.56,24.2,61.6,5.2,8,286.0
262.3,280.9,79.0,2.29,19.4,72.8,3.5,3,293.0
214.4,357.4,109.5,1.75,17.0,41.7,5.0,6,288.0
192.1,310.6,38.3,2.45,37.4,51.4,2.2,2,241.0
73.4,392.6,83.1,1.43,41.8,48.4,2.7,7,233.0
141.9,132.7,23.6,2.19,23.0,88.9,2.2,4,154.0
116.3,124.1,85.7,0.62,36.3,40.5,3.1,9,164.0
111.0,198.8,145.3,1.17,41.4,40.6,2.1,10,215.0
293.3,163.8,69.9,0.63,39.6,44.8,5.8,9,262.0
148.3,448.7,25.1,2.45,16.4,59.5,2.2,7,290.0
273.0,187.7,24.0,2.13,43.5,37.7,1.0,8,265.0
207.8,490.3,70.4,2.21,23.2,84.1,3.4,3,328.0
248.7,234.8,40.8,2.38,21.9,38.6,0.8,5,281.0
175.7,172.8,23.0,0.67,12.2,82.7,1.1,2,159.0
194.2,415.9,118.3,1.27,27.0,27.2,1.7,10,303.0
173.1,363.5,79.6,0.64,13.8,66.0,3.1,7,263.0
98.8,299.3,57.6,0.92,18.7,83.5,2.9,8,209.0
230.6,322.1,137.0,0.96,21.1,31.8,4.9,9,272.0
120.2,387.7,35.1,1.44,38.3,87.8,4.6,7,242.0
56.1,191.4,144.3,1.04,40.6,51.7,2.8,10,168.0
211.4,498.5,60.8,0.7,20.6,86.2,2.3,10,328.0
94.3,489.9,135.5,0.83,40.1,67.4,2.2,8,264.0
285.1,360.1,98.4,0.79,40.0,41.1,4.8,9,316.0
288.5,179.8,127.5,2.45,36.8,33.2,0.8,6,292.0
278.7,372.1,147.9,2.02,15.1,41.3,0.6,10,352.0
142.5,128.9,57.5,2.44,34.2,26.5,4.9,2,209.0
53.9,112.3,144.9,1.38,43.1,30.1,3.1,2,114.0
282.1,203.1,70.6,1.06,33.9,27.3,1.2,4,250.0
157.0,285.0,70.1,2.1,21.6,49.6,1.8,9,276.0
291.7,447.3,64.3,1.15,27.5,75.7,5.6,7,331.0
290.9,390.9,90.4,1.1,32.6,29.9,5.2,2,303.0
263.3,397.1,40.0,0.97,27.9,29.1,4.4,8,305.0
123.6,270.2,92.0,0.76,14.2,65.0,3.2,7,209.0
146.3,238.4,90.4,1.01,20.9,33.8,3.4,9,214.0
262.8,248.4,119.0,1.21,38.1,26.8,5.9,8,288.0
129.2,495.1,128.4,1.85,40.1,31.7,5.8,3,283.0
92.4,116.0,77.3,0.63,14.8,84.7,1.7,1,114.0
189.2,446.8,59.3,0.92,43.3,77.5,5.0,2,268.0
284.0,331.5,53.7,2.12,21.5,44.8,1.6,2,297.0
224.0,275.4,45.3,0.79,33.2,65.9,1.7,4,221.0
192.5,390.1,27.5,1.19,36.3,57.6,4.2,6,280.0
74.3,294.7,64.5,2.23,38.4,67.4,2.7,4,211.0
203.8,449.4,55.1,0.81,43.1,67.8,5.6,9,294.0
297.5,460.3,145.6,0.67,21.0,64.0,1.0,4,342.0
85.0,268.7,92.5,1.47,40.0,38.6,3.3,6,180.0
179.6,210.7,65.1,1.1,14.6,22.7,5.6,6,214.0
269.3,336.9,95.5,1.63,34.7,51.9,5.5,10,332.0
235.2,464.9,38.1,2.11,36.0,82.4,1.4,10,349.0
224.3,184.3,77.7,0.77,33.7,59.9,2.5,1,197.0
225.6,349.2,101.4,1.66,18.8,78.3,3.9,8,309.0
139.9,352.6,83.6,1.51,40.6,89.4,1.4,3,228.0
123.4,393.2,72.2,0.79,15.9,31.5,5.8,6,226.0
252.3,152.6,149.2,1.75,11.9,68.4,5.5,3,225.0
252.5,386.3,134.4,1.05,35.1,67.2,1.4,2,283.0
266.8,463.6,101.0,1.48,26.6,88.6,1.2,5,325.0
278.3,171.9,94.0,0.66,39.7,89.0,1.0,1,215.0
177.8,195.0,100.7,1.42,23.4,68.1,5.5,9,226.0
175.4,488.6,46.2,1.11,15.9,37.1,1.6,7,304.0
249.6,172.4,71.4,2.14,39.3,75.9,2.8,3,242.0
212.5,441.8,25.1,0.61,29.2,27.5,3.0,4,299.0
225.5,296.9,81.8,1.34,16.6,74.6,3.8,6,247.0
248.9,198.9,90.6,1.42,35.2,83.7,0.9,3,240.0
272.5,448.3,49.6,1.95,27.9,46.8,1.7,7,345.0
134.5,278.1,145.3,1.65,31.2,64.1,5.6,6,219.0
143.9,305.9,138.2,1.83,26.1,50.1,5.5,9,259.0
73.5,243.7,113.9,2.05,39.0,50.6,4.8,5,186.0
194.6,337.2,89.3,2.22,39.0,41.7,0.6,4,283.0
59.0,165.4,133.1,1.13,34.8,73.3,2.3,3,131.0
166.4,256.4,37.0,1.58,13.7,85.5,4.0,10,238.0
185.7,487.8,122.8,2.18,39.4,85.9,2.0,1,303.0
121.6,203.3,36.2,2.48,33.5,32.2,5.5,3,188.0
197.7,362.7,123.2,2.28,34.4,81.2,4.0,3,269.0
57.6,230.1,55.8,1.24,22.7,71.6,0.9,7,161.0
59.3,409.4,134.0,0.89,40.8,37.7,5.5,7,221.0
255.7,152.3,142.7,1.48,35.4,24.7,5.8,1,223.0
140.0,487.9,39.3,1.98,13.9,38.8,0.9,3,278.0
81.8,281.5,80.1,1.49,24.3,83.9,3.4,8,198.0
180.6,194.4,147.5,1.47,41.0,64.3,2.2,9,241.0
242.5,129.4,82.8,2.18,11.7,70.5,2.7,7,248.0
104.0,167.9,132.3,1.22,43.6,38.0,1.5,7,176.0
205.7,307.9,96.5,2.22,33.8,70.4,3.7,8,290.0
71.3,234.8,68.8,1.31,32.1,22.0,5.8,6,191.0
62.9,431.6,57.2,1.16,19.5,46.3,3.3,3,216.0
182.8,272.4,46.4,1.41,18.7,63.9,1.0,1,214.0
185.2,199.5,119.0,2.02,43.0,30.2,3.9,7,232.0
209.4,346.9,70.3,0.75,20.4,77.6,2.4,1,233.0
231.5,382.7,86.5,0.89,37.1,36.5,5.2,1,278.0
294.0,166.8,84.0,2.4,23.8,65.7,2.9,9,293.0
179.1,167.0,95.0,0.85,14.9,48.4,1.6,10,214.0
130.7,114.7,132.5,1.64,10.4,61.7,1.6,7,179.0
248.8,394.6,147.5,1.66,29.0,27.5,4.7,4,314.0
117.7,365.5,73.0,1.48,44.2,21.2,2.0,6,231.0
159.7,289.9,127.6,1.79,22.9,83.7,4.7,1,222.0
69.6,437.7,119.4,0.96,22.5,38.9,1.6,7,228.0
56.3,422.3,94.6,1.61,22.0,77.4,2.3,6,240.0
290.7,334.1,144.3,1.24,28.2,90.0,3.1,4,298.0
259.0,447.3,46.1,1.82,25.4,34.8,5.7,7,349.0
224.0,182.3,34.2,0.78,40.8,38.6,5.6,3,195.0
152.2,144.8,131.0,1.64,27.7,66.4,1.6,1,162.0
93.3,207.9,77.1,0.87,27.8,87.6,2.5,4,147.0
89.1,122.8,130.1,1.06,14.8,84.1,1.3,3,113.0
112.6,312.5,136.1,0.94,44.4,55.2,3.3,1,192.0
187.3,474.6,28.1,0.87,18.7,75.7,3.0,2,255.0
228.6,115.7,134.9,2.15,12.6,29.5,5.5,5,227.0
215.0,148.8,78.3,1.07,33.2,88.4,5.6,8,229.0
120.0,280.9,86.4,2.35,30.8,87.5,2.6,1,212.0
288.7,473.6,101.5,2.44,24.5,31.5,3.2,4,351.0
234.5,226.5,140.4,1.64,24.8,41.0,5.4,4,255.0
188.6,302.9,22.5,0.79,37.5,27.0,4.9,5,240.0
202.9,116.6,82.0,1.25,16.8,39.0,0.5,7,198.0
154.9,159.3,109.4,2.1,38.7,77.1,2.3,8,223.0
111.9,494.7,114.0,1.23,32.7,46.5,2.8,6,259.0
139.0,486.0,110.0,0.67,24.7,26.2,1.8,1,249.0
239.5,102.0,37.5,1.61,26.0,44.0,1.6,7,223.0
53.6,480.7,58.9,2.19,19.0,88.7,0.7,3,242.0
79.0,355.6,66.6,2.09,36.3,64.1,4.0,6,231.0
61.5,447.2,124.6,0.85,28.0,49.1,1.9,8,221.0
60.2,281.9,56.2,1.85,21.2,31.7,0.8,7,194.0
263.9,306.2,47.4,0.94,30.9,89.0,1.8,10,312.0
225.9,295.5,144.5,0.94,44.9,77.5,4.9,6,243.0
168.5,366.7,21.2,2.25,25.2,39.7,5.2,9,296.0
74.5,155.9,149.7,1.0,42.2,24.9,3.2,9,180.0
172.9,112.0,108.0,1.03,22.1,24.0,2.8,1,142.0
168.4,223.2,127.7,0.5,11.9,28.4,5.9,1,172.0
93.3,381.9,58.3,2.24,17.1,60.7,1.6,1,222.0
158.5,180.7,21.9,2.09,24.7,85.0,1.7,8,209.0
149.6,369.4,115.9,1.75,17.7,54.8,2.1,10,296.0
204.0,488.0,128.4,2.0,10.0,79.0,1.5,7,347.0
208.8,137.6,116.3,0.8,42.0,51.2,2.6,3,174.0
61.3,369.0,38.6,1.42,39.5,69.6,5.5,2,176.0
143.7,277.5,117.9,1.2,36.0,71.2,3.9,4,219.0
206.5,447.3,120.0,0.69,15.9,32.2,2.8,3,286.0
175.8,170.9,105.6,1.47,14.2,45.3,5.6,7,236.0
264.1,377.1,119.6,2.34,12.4,64.6,0.8,10,345.0
214.7,435.2,130.0,0.58,35.3,24.9,1.7,8,317.0
90.7,477.8,99.8,1.08,42.5,45.3,3.6,6,241.0
67.6,373.3,31.5,0.92,25.1,57.4,3.9,3,187.0
210.6,298.9,83.4,0.98,14.2,89.7,0.7,6,262.0
56.6,347.1,30.1,2.32,27.9,53.2,2.7,2,162.0
196.4,447.6,73.0,1.44,22.2,77.1,4.1,7,313.0
285.1,328.2,72.9,1.43,23.1,50.2,4.3,10,341.0
193.9,112.2,28.6,2.02,31.7,75.7,4.0,7,220.0
147.0,472.4,65.3,0.81,35.2,61.7,2.3,4,278.0
210.8,375.8,34.4,1.47,13.9,82.1,1.0,8,301.0
164.6,370.6,125.1,1.36,11.2,48.8,2.8,4,248.0
186.4,186.3,143.2,1.69,44.8,62.3,1.2,7,245.0
285.4,363.6,29.4,2.5,18.1,64.1,5.7,4,319.0
146.5,257.5,144.2,2.04,11.9,49.2,3.1,5,232.0
290.3,360.5,87.9,1.3,16.6,30.1,2.2,7,331.0
276.3,142.6,58.9,2.16,11.4,26.5,4.7,10,285.0
98.9,363.1,30.0,0.84,23.7,21.2,3.2,3,207.0
67.3,499.8,85.1,0.56,38.1,81.1,2.2,10,278.0
75.2,119.3,123.3,0.91,21.9,36.6,5.0,5,118.0
54.6,490.9,111.9,1.18,25.5,34.8,5.3,3,221.0
73.6,262.8,26.5,1.52,33.6,71.5,4.2,5,177.0
220.8,448.3,29.5,1.73,27.8,42.4,0.8,3,293.0
67.8,413.0,72.4,2.32,40.2,55.4,3.6,10,261.0
129.7,326.8,58.4,1.52,40.3,31.4,4.7,7,242.0
261.2,395.4,50.2,1.5,10.3,87.2,1.3,1,296.0
55.8,451.4,56.5,0.6,37.2,79.6,1.8,9,228.0
253.6,261.7,124.5,0.57,26.1,80.5,5.4,9,276.0
120.5,230.8,140.8,1.6,44.6,48.5,0.6,5,198.0
79.5,367.0,72.7,1.38,26.9,73.4,4.6,9,244.0
224.2,423.1,137.8,2.18,44.5,30.1,3.1,10,363.0
207.2,404.9,61.8,0.82,36.4,20.6,3.0,6,288.0
269.4,419.1,81.9,0.55,18.7,21.4,0.5,5,293.0
233.8,274.2,49.4,1.4,28.8,61.1,5.0,3,244.0
250.9,427.1,103.3,0.97,44.7,51.9,2.5,8,325.0
120.5,148.1,147.3,0.6,40.0,56.3,3.5,4,142.0
94.4,317.8,98.5,1.95,13.4,20.5,4.2,10,242.0
237.7,102.3,66.5,0.72,34.7,49.6,4.4,3,186.0
251.7,229.8,104.2,1.72,22.1,70.3,5.8,6,280.0
297.6,246.6,36.0,1.06,10.2,51.0,3.4,8,283.0
153.2,258.5,135.5,0.85,24.1,71.3,2.7,9,241.0
143.0,378.2,85.4,1.26,18.2,36.3,5.7,6,239.0
244.1,255.4,78.4,2.1,38.7,76.9,4.0,5,265.0
135.2,279.5,96.2,1.28,21.8,61.2,2.1,2,193.0
282.7,195.0,101.2,2.0,39.0,34.8,1.2,2,260.0
264.6,249.3,29.3,0.75,10.0,36.6,5.1,9,246.0
157.2,190.9,108.7,2.05,20.8,64.0,2.5,2,202.0
237.7,129.3,51.5,0.97,18.4,78.1,4.1,2,209.0
238.6,341.4,112.8,1.85,18.2,49.1,3.1,3,292.0
75.8,367.3,126.9,1.63,12.4,38.1,1.6,3,206.0
275.6,347.8,124.5,2.36,16.5,80.7,3.8,4,311.0
176.3,285.4,91.8,1.27,29.4,66.8,0.8,7,225.0
256.6,251.9,87.6,0.63,20.2,51.4,2.8,9,254.0
130.0,445.3,38.6,0.54,24.6,54.2,3.5,2,222.0
273.9,307.6,120.8,2.15,23.2,34.3,2.9,4,325.0
147.3,291.7,55.3,1.55,40.7,63.9,4.6,9,216.0
52.7,110.3,84.6,2.05,41.7,45.1,5.1,2,126.0
276.3,236.5,57.0,0.97,27.3,89.7,4.7,10,277.0
72.8,252.1,37.4,1.19,21.6,53.6,0.7,1,141.0
129.8,259.5,101.8,0.56,13.7,54.0,1.6,10,205.0
287.5,332.1,27.1,2.42,43.4,59.6,3.5,8,321.0
287.7,313.4,117.3,1.84,12.1,84.2,5.6,9,333.0
193.4,343.2,61.3,2.37,20.4,76.1,5.1,7,291.0
208.0,406.0,20.0,1.03,20.4,51.6,5.1,8,295.0
162.1,425.2,86.4,1.72,21.2,70.3,2.2,4,255.0
123.3,387.2,26.1,1.86,15.8,61.0,2.9,4,246.0
132.2,482.2,55.9,1.14,37.4,54.5,3.1,2,258.0
218.1,107.3,111.9,2.2,14.3,33.5,1.4,8,241.0
238.1,178.3,28.1,2.39,32.2,52.5,0.7,2,229.0
247.9,103.0,129.1,2.27,14.3,37.2,5.7,9,261.0
247.4,359.0,20.5,1.98,12.5,84.0,1.8,4,291.0
72.8,459.2,52.1,1.05,41.8,43.5,1.8,1,215.0
173.6,197.4,116.3,1.06,16.7,86.7,1.0,4,195.0
64.4,470.8,61.1,2.43,38.7,57.3,5.6,3,244.0
187.4,124.1,33.2,0.52,29.1,64.2,3.7,6,157.0
160.4,473.8,66.8,1.93,12.7,58.0,4.2,7,306.0
271.9,240.6,55.2,1.91,43.4,29.1,5.5,8,284.0
137.7,140.6,129.6,1.75,18.6,46.3,2.4,2,174.0
79.3,294.3,60.7,2.48,40.1,26.9,3.9,6,221.0
85.7,202.7,122.6,1.12,15.9,63.6,0.7,6,162.0
240.4,213.9,135.9,1.18,39.9,51.3,1.5,10,272.0
204.6,222.9,76.4,0.66,10.5,74.5,5.1,5,217.0
75.3,421.2,138.3,1.39,27.9,35.4,4.7,10,259.0
71.0,315.7,69.1,1.02,36.9,31.5,2.4,10,215.0
225.2,224.5,145.3,1.19,42.7,48.4,2.6,7,260.0
68.2,344.1,31.6,2.17,41.8,84.9,3.4,3,195.0
255.5,386.5,109.3,2.37,38.7,69.7,0.5,4,338.0
226.6,209.0,84.2,0.87,41.1,49.3,1.8,10,259.0
70.3,265.4,70.4,1.25,17.0,56.2,1.6,9,206.0
71.2,148.8,102.3,2.36,19.9,25.9,1.9,4,161.0
296.7,172.5,111.5,0.62,20.1,88.9,4.9,3,243.0
143.6,372.4,20.6,0.68,23.2,66.6,2.0,2,208.0
142.7,172.6,41.7,0.83,23.8,40.0,1.6,5,164.0
253.2,310.1,112.7,1.69,29.1,61.0,3.3,4,294.0
286.8,383.6,106.6,0.8,15.6,27.7,5.3,8,328.0
296.5,142.8,145.6,2.44,34.2,87.6,1.8,7,288.0
238.3,326.9,118.9,1.39,15.9,32.2,0.9,6,277.0
144.1,202.6,143.6,1.5,20.9,65.4,2.5,2,203.0
70.9,485.2,111.3,0.99,27.6,37.2,4.6,3,228.0
244.3,293.4,58.7,1.44,37.9,70.2,3.5,10,283.0
189.6,422.4,33.7,1.82,35.9,74.4,5.0,9,307.0
156.1,320.1,121.6,2.0,32.6,67.1,5.8,9,269.0
276.6,117.4,103.7,2.01,15.5,63.0,4.9,5,247.0
77.8,353.3,26.3,1.66,29.1,82.5,3.8,3,201.0
173.2,480.6,66.8,2.31,13.1,25.5,3.2,2,292.0
52.8,340.6,144.4,2.13,23.2,43.2,0.7,8,223.0
167.2,427.7,85.1,2.01,24.5,37.4,5.9,6,304.0
64.1,453.7,76.3,0.61,11.4,89.2,2.6,10,221.0
79.7,191.2,79.5,0.51,19.6,47.3,1.3,7,150.0
79.4,184.8,47.2,0.92,43.4,71.3,4.2,1,133.0
212.3,344.4,67.9,1.83,43.4,67.9,2.1,1,264.0
236.5,264.4,68.1,1.32,22.3,34.8,3.7,10,291.0
195.8,435.9,26.8,1.3,11.5,36.7,3.7,2,288.0
290.5,460.0,119.8,2.27,16.3,39.7,3.0,10,408.0
143.7,241.4,74.1,2.29,23.7,48.8,5.1,3,201.0
121.4,194.7,126.9,2.32,43.2,36.4,2.0,1,167.0
267.1,412.2,130.5,1.13,14.9,21.4,3.0,5,321.0
105.9,209.9,47.6,1.88,36.7,81.6,3.5,3,160.0
290.8,429.0,105.5,1.04,13.8,87.6,4.1,1,291.0
53.0,269.5,81.4,0.88,44.3,43.9,4.8,8,176.0
292.5,367.0,134.4,0.87,23.4,43.7,2.7,6,323.0
60.8,138.2,48.0,1.18,37.1,20.5,4.1,9,162.0
272.8,349.5,108.1,1.36,22.0,67.6,1.3,3,302.0
181.9,280.7,99.0,2.16,32.0,77.8,5.6,9,292.0
298.2,334.6,58.4,0.74,16.7,30.3,2.6,9,319.0
68.4,167.2,37.8,1.97,15.1,31.2,4.5,1,121.0
188.5,394.7,104.7,1.56,42.8,75.3,0.6,3,278.0
292.3,445.1,116.0,1.08,42.1,63.1,1.6,6,356.0
180.8,186.7,61.0,1.49,41.1,23.1,3.2,8,226.0
207.3,138.3,103.8,1.1,31.9,63.6,5.3,4,212.0
223.9,109.5,71.4,1.69,38.3,41.6,3.4,5,210.0
163.6,356.8,112.7,1.37,12.4,45.8,5.6,9,278.0
206.9,342.8,45.9,0.83,21.7,73.9,3.2,6,256.0
196.1,318.7,135.7,0.73,21.0,76.8,3.2,7,281.0
275.3,192.8,57.4,1.59,32.2,48.0,1.2,7,276.0
61.4,256.4,67.8,2.3,22.5,86.3,4.9,4,169.0
120.2,337.8,27.6,1.19,15.2,48.5,1.9,4,227.0
287.6,298.7,34.5,1.97,30.9,74.0,5.4,4,289.0
272.6,495.1,87.1,1.82,38.5,53.9,5.5,5,355.0
163.9,154.6,54.8,2.36,23.4,82.8,5.7,5,211.0
205.0,378.1,128.6,2.14,14.6,83.5,3.4,8,317.0
119.3,261.7,21.9,1.63,16.9,26.1,4.2,9,223.0
97.0,271.3,69.3,1.81,18.3,85.6,4.8,2,172.0
165.9,387.0,63.9,2.3,20.5,77.8,1.2,7,291.0
138.3,377.0,22.5,1.3,32.5,75.4,3.8,1,227.0
195.9,496.5,36.2,1.15,31.0,34.1,0.7,1,289.0
69.4,151.4,73.8,0.52,34.4,76.4,3.2,4,105.0
293.6,141.6,84.1,2.15,22.7,79.5,1.4,10,284.0
296.6,389.7,72.6,2.1,38.8,40.2,1.5,7,339.0
224.5,331.4,89.0,0.71,17.1,86.7,2.5,2,248.0
184.0,209.7,97.4,1.65,26.4,23.5,2.9,2,192.0
127.4,131.8,21.3,1.43,38.0,30.5,3.9,1,128.0
253.4,134.3,80.3,0.74,16.3,57.6,0.9,10,233.0
221.2,457.7,145.3,2.46,13.8,60.3,3.3,2,304.0
90.7,176.7,87.5,0.93,40.9,65.2,1.5,7,160.0
277.7,229.3,108.1,0.63,22.0,21.2,3.7,9,255.0
255.6,190.7,60.5,1.69,33.9,87.2,4.0,6,260.0
287.4,242.0,120.6,1.98,10.9,23.1,3.6,10,314.0
231.4,127.8,120.5,0.56,34.2,30.0,4.6,2,181.0
203.4,307.6,87.8,1.82,21.1,21.0,2.3,10,285.0
154.6,127.0,146.9,1.56,12.0,59.7,4.7,10,211.0
283.2,420.1,36.3,0.71,31.3,85.3,2.9,9,336.0
266.5,193.5,22.2,0.85,18.4,66.6,3.2,7,259.0
61.3,316.0,120.1,1.64,23.5,77.6,4.1,1,185.0
56.6,452.0,124.9,1.09,12.8,20.9,0.6,9,266.0
144.1,360.4,35.6,2.38,15.2,57.9,4.1,2,248.0
252.6,313.2,54.5,2.14,20.4,52.2,3.9,4,290.0
296.8,229.7,22.3,2.47,13.1,54.9,2.2,9,309.0
87.6,233.2,58.1,1.02,41.9,25.1,1.0,4,156.0
198.5,367.8,120.5,2.44,10.2,67.9,1.0,3,291.0
145.2,497.7,87.3,1.36,26.9,55.2,5.6,1,253.0
292.5,364.7,65.3,1.2,14.3,73.6,4.3,7,323.0
260.5,323.1,68.3,0.6,20.8,54.0,1.2,6,276.0
259.6,392.3,20.2,0.61,42.4,30.5,2.5,10,304.0
167.2,286.1,59.0,1.88,15.7,65.4,3.8,4,222.0
153.7,124.1,104.0,1.42,43.8,32.1,5.1,6,208.0
118.4,324.9,146.6,0.95,17.2,81.1,0.7,6,206.0
64.1,483.1,130.1,1.73,36.0,62.9,1.8,4,244.0
266.2,170.1,23.1,1.01,29.1,31.0,5.4,6,249.0
253.2,376.0,136.8,1.66,41.0,87.4,0.6,10,342.0
299.9,180.4,121.8,1.22,29.4,56.3,1.6,8,276.0
299.2,314.3,121.4,2.15,28.7,25.1,5.8,3,302.0
188.9,138.7,79.5,2.14,16.8,63.9,3.9,4,208.0
242.2,280.1,71.7,1.45,15.8,37.7,1.9,10,265.0
286.2,402.5,59.4,1.2,42.1,76.3,0.9,1,300.0
262.4,239.0,28.5,1.23,21.5,77.2,0.7,4,251.0
111.8,366.0,49.7,2.11,23.0,88.5,1.8,10,274.0
162.6,418.2,52.1,1.16,36.6,55.1,5.3,10,274.0
82.3,470.9,82.9,0.92,21.9,51.8,2.8,9,251.0
288.5,193.9,117.2,0.67,43.3,72.7,4.5,8,272.0
201.5,259.7,81.6,1.43,35.8,29.3,5.6,4,237.0
107.2,161.0,27.5,1.46,30.9,58.3,2.7,7,155.0
217.9,497.0,144.5,2.18,40.8,58.2,1.6,10,360.0
204.5,470.8,142.6,0.94,11.7,26.3,3.3,3,306.0
139.5,316.0,122.1,1.26,19.0,49.3,5.5,9,250.0
78.4,436.8,148.9,2.12,26.3,79.7,4.9,10,261.0
217.9,308.4,90.8,2.15,17.9,79.9,0.9,4,282.0
180.1,349.4,145.2,1.27,36.0,26.9,4.3,2,229.0
243.1,135.6,29.8,1.42,42.2,26.4,3.6,10,241.0
180.0,402.1,67.5,1.11,24.8,38.4,5.5,5,270.0
263.0,151.1,49.3,2.37,22.0,81.2,1.2,2,251.0
188.0,430.4,45.5,0.74,43.7,29.0,3.4,10,269.0
190.2,412.8,38.3,2.37,25.6,70.4,5.3,6,307.0
269.2,383.5,100.9,1.87,27.1,27.1,2.8,10,356.0
150.9,114.5,121.6,1.56,22.3,63.6,3.2,1,153.0
83.5,221.3,95.2,0.57,41.8,44.9,0.9,6,160.0
57.2,205.2,39.1,1.45,29.9,75.2,2.0,4,113.0
238.8,244.1,125.4,1.32,36.7,36.4,2.3,3,219.0
205.1,135.1,102.7,0.82,38.4,64.7,5.7,2,191.0
226.0,474.8,70.5,1.81,22.0,36.5,2.1,7,328.0
103.2,321.5,107.6,2.44,25.2,70.0,3.0,9,249.0
84.1,222.2,53.8,1.62,39.7,81.2,4.2,3,164.0
53.6,258.8,64.9,1.93,22.7,28.9,1.4,6,176.0
137.6,278.9,139.3,0.64,37.8,80.7,3.2,9,220.0
197.5,340.2,57.8,1.34,42.9,61.6,4.6,2,247.0
148.1,306.3,81.1,0.73,31.8,28.9,5.3,7,209.0
159.4,467.8,135.7,1.73,36.0,49.9,3.9,5,305.0
276.0,298.8,112.0,2.38,38.2,31.3,4.2,5,309.0
137.1,496.9,28.1,1.82,39.6,69.0,1.2,7,282.0
178.5,440.6,39.1,0.65,23.8,73.1,5.7,9,272.0
245.9,183.4,21.0,1.21,11.8,27.4,1.2,4,225.0
149.1,472.2,102.0,1.6,24.1,55.4,4.8,9,300.0
205.5,146.5,78.2,1.31,33.6,77.0,2.0,10,215.0
265.6,427.0,37.5,2.17,25.8,85.5,5.6,9,347.0
287.4,252.2,144.5,2.13,36.2,55.9,4.5,4,288.0
86.8,451.2,88.9,1.72,22.5,86.5,4.6,3,250.0
281.6,447.2,51.4,1.25,32.2,57.5,1.7,2,316.0
173.0,422.4,85.1,1.01,16.5,47.6,2.9,9,303.0
114.6,416.0,108.4,0.71,36.2,79.4,3.9,2,210.0
164.8,221.9,29.9,1.21,29.1,54.5,4.7,6,203.0
295.0,132.4,55.7,1.33,17.1,53.0,1.1,5,248.0
173.2,261.2,124.9,1.85,20.2,54.3,5.8,5,245.0
132.2,169.4,79.8,1.82,36.2,79.3,5.4,4,189.0
208.4,378.0,91.1,0.64,26.9,78.2,2.0,6,261.0
110.0,238.4,76.3,1.29,17.6,48.2,5.0,5,176.0
69.0,490.2,25.7,0.86,43.9,43.3,3.4,4,218.0
82.2,356.4,41.5,0.81,35.0,54.4,3.0,9,228.0
82.0,429.0,77.9,2.15,43.5,60.1,2.2,6,240.0
88.0,153.0,47.2,0.58,24.9,36.7,3.7,10,151.0
84.7,444.8,26.5,1.34,26.6,75.6,4.5,10,263.0
210.2,469.1,129.7,0.84,41.4,54.1,2.8,10,332.0
95.5,294.8,147.6,2.26,28.4,43.4,4.0,3,217.0
136.4,342.5,123.1,1.61,34.8,27.5,4.3,10,266.0
274.2,405.9,131.0,0.96,18.8,36.7,4.4,6,311.0
168.5,169.9,51.5,1.5,25.6,86.4,0.8,1,168.0
216.9,301.0,144.9,1.96,14.3,41.4,5.2,5,289.0
93.1,259.5,45.6,2.42,17.2,31.8,3.0,10,235.0
98.1,158.5,143.7,0.94,10.0,52.2,1.9,6,146.0
60.2,247.0,149.3,2.27,11.4,41.5,1.8,8,213.0
92.2,127.3,112.5,2.37,44.2,22.5,3.2,9,201.0
119.6,110.3,147.5,2.33,18.5,42.6,5.4,3,170.0
94.3,154.1,94.0,1.77,33.2,58.1,2.6,2,152.0
72.2,485.2,53.7,1.76,39.4,58.6,4.6,4,252.0
80.2,319.8,76.8,1.31,29.3,45.0,1.0,8,203.0
165.2,486.3,97.2,2.0,15.4,51.3,3.1,8,342.0
101.6,273.0,29.5,1.56,35.5,87.6,6.0,3,194.0
141.1,224.7,100.9,1.85,31.0,46.4,4.7,4,210.0
175.9,302.5,147.6,1.36,35.6,38.1,1.7,3,235.0
222.6,275.8,44.7,1.96,36.9,37.0,3.3,10,293.0
59.8,142.3,123.0,2.15,44.1,52.0,1.8,2,122.0
249.9,356.3,138.0,0.79,30.1,73.2,2.8,4,302.0
207.0,186.4,142.7,2.17,22.0,34.4,4.8,6,258.0
70.4,347.8,144.8,1.58,32.7,69.7,4.7,5,225.0
268.4,360.1,87.8,2.19,12.4,21.5,1.8,3,310.0
280.2,160.8,147.1,1.36,41.4,49.3,5.6,2,237.0
65.3,124.5,118.5,1.26,14.2,74.3,3.8,9,145.0
119.2,412.3,41.0,2.33,21.5,43.7,2.6,1,247.0
251.6,283.9,82.0,1.0,38.6,59.5,3.3,9,279.0
237.1,123.3,113.4,2.19,30.9,34.3,3.8,1,214.0
96.1,497.9,52.2,1.47,23.8,71.9,3.6,7,273.0
102.3,123.1,103.3,1.53,26.6,23.7,3.2,6,152.0
142.6,378.0,106.7,1.12,39.9,79.7,3.3,7,263.0
171.1,493.5,41.2,1.65,21.9,33.9,1.5,3,286.0
204.6,195.7,93.5,1.15,40.4,81.2,5.0,3,193.0
142.2,156.9,120.3,0.58,13.1,44.7,3.5,1,140.0
165.6,148.6,84.9,1.04,37.2,70.6,1.2,4,190.0
236.9,221.3,21.6,0.51,39.7,42.3,4.7,2,198.0
59.2,140.4,21.2,2.46,16.4,83.4,5.6,10,182.0
113.1,376.9,66.4,2.43,25.1,28.9,5.7,8,266.0
228.3,124.9,140.4,1.29,15.8,32.5,2.5,3,205.0
273.8,303.8,49.7,1.96,34.7,54.5,1.2,7,332.0
177.9,498.7,102.5,1.19,28.7,25.7,3.4,7,295.0
183.0,425.6,48.9,1.84,32.2,33.7,1.1,9,298.0
76.8,346.1,61.8,2.11,16.9,86.1,5.6,6,220.0
161.9,222.5,130.2,2.39,17.4,88.4,1.5,1,238.0
183.2,349.6,114.8,1.3,11.5,46.3,1.9,8,274.0
110.6,310.8,32.4,2.07,21.3,84.6,2.7,1,201.0
117.3,270.4,75.7,1.03,29.6,58.1,2.6,3,180.0
144.3,152.3,23.8,2.48,40.0,38.9,4.9,5,198.0
55.0,454.6,82.5,0.55,33.3,69.2,3.0,8,220.0
130.5,279.9,106.1,1.71,25.2,66.1,1.4,9,246.0
102.9,177.8,35.4,1.82,43.4,89.2,2.0,7,187.0
131.9,247.1,57.6,1.88,35.2,38.6,3.3,9,226.0
79.9,265.7,71.7,0.74,42.6,67.0,1.3,3,145.0
272.6,431.0,139.5,2.38,28.5,23.6,3.9,5,353.0
198.4,393.4,149.1,0.86,19.1,28.0,3.6,10,313.0
219.8,407.7,25.8,1.75,11.8,20.3,4.4,8,302.0
247.3,104.4,118.9,0.95,35.4,90.0,5.7,1,194.0
174.6,266.5,68.3,1.11,14.2,76.2,5.5,8,224.0
71.7,292.5,71.0,1.59,20.6,75.1,5.7,7,187.0
184.3,107.7,118.1,1.33,28.6,55.7,1.8,1,181.0
196.7,203.9,139.4,0.82,29.8,41.0,1.2,10,247.0
236.4,404.1,143.6,0.84,31.0,30.6,2.2,10,324.0
157.9,154.8,95.0,1.34,15.8,39.9,5.4,6,168.0
81.9,314.1,66.4,2.01,23.3,46.3,5.8,1,181.0
120.9,186.1,122.4,2.3,31.6,72.9,5.2,2,191.0
140.8,104.8,52.6,0.67,43.9,57.8,1.1,5,131.0
211.5,196.5,93.3,1.29,35.5,25.4,5.7,2,206.0
192.7,490.3,66.6,0.7,42.3,21.3,2.8,10,322.0
139.0,420.6,105.4,0.53,36.7,27.2,0.6,1,207.0
296.6,483.8,51.3,1.82,30.7,48.7,2.9,6,348.0
201.4,295.1,44.9,1.7,16.7,85.3,0.8,8,253.0
109.3,143.9,139.4,0.83,33.3,64.6,3.5,8,172.0
75.4,319.2,33.2,0.97,31.8,76.1,2.4,8,191.0
88.2,281.8,85.8,0.55,31.1,52.6,3.1,6,187.0
111.5,437.7,48.7,2.17,27.1,45.3,3.9,3,252.0
90.2,139.2,25.1,2.45,28.5,27.6,5.3,1,162.0
96.6,295.3,24.7,0.77,21.7,81.3,4.1,2,152.0
121.3,160.0,42.8,0.96,28.2,74.8,2.9,5,160.0
93.3,229.9,132.7,2.24,16.9,31.8,5.0,10,216.0
274.2,394.9,56.7,2.35,38.2,55.9,5.5,5,339.0
70.1,290.4,143.6,1.34,16.5,54.1,1.2,10,215.0
181.1,250.4,95.6,0.6,13.0,63.8,3.4,1,182.0
152.6,257.8,76.8,0.58,25.3,86.2,2.1,1,176.0
295.6,283.8,95.4,1.65,33.0,60.6,0.8,9,321.0
78.0,414.0,87.2,1.29,25.3,57.8,4.2,2,202.0
149.5,456.8,118.6,0.56,19.7,23.5,5.2,7,277.0
292.4,482.1,56.7,1.67,29.5,24.4,1.4,10,370.0
266.4,414.8,65.9,0.52,22.1,33.1,5.0,4,316.0
254.3,226.2,136.2,2.07,42.7,22.3,5.2,7,295.0
114.5,375.3,143.0,1.11,42.3,72.0,5.5,8,250.0
92.7,275.0,136.0,0.58,27.6,70.6,2.0,5,208.0
217.2,201.9,74.5,1.68,21.5,29.5,5.5,1,212.0
282.3,436.3,121.4,1.3,35.8,78.5,2.3,4,336.0
189.2,115.4,81.9,2.45,11.3,30.8,3.5,10,239.0
192.9,460.7,84.7,1.59,26.6,41.1,0.8,3,298.0
120.0,284.6,46.6,1.05,21.8,37.4,0.7,10,236.0
242.4,354.9,96.8,1.92,42.2,46.1,4.5,5,306.0
96.8,363.7,44.2,1.04,10.4,37.8,2.9,10,243.0
130.9,458.0,63.1,2.31,29.3,54.2,1.9,10,300.0
156.4,354.7,131.2,1.25,35.9,48.5,1.5,6,251.0
176.9,345.6,46.9,1.6,27.0,89.1,4.2,2,255.0
110.6,126.7,29.3,0.6,13.0,23.9,0.5,7,149.0
78.7,307.4,29.0,1.35,44.0,30.0,4.9,3,179.0
202.7,160.1,142.3,2.16,28.1,23.7,0.9,1,204.0
122.2,395.0,85.9,2.11,31.5,63.8,1.6,10,290.0
195.3,304.9,73.2,0.95,18.3,23.8,2.6,3,223.0
88.6,372.1,125.4,0.95,26.9,78.6,3.2,9,222.0
170.3,116.7,128.7,2.13,25.0,55.8,2.5,10,227.0
183.1,133.9,63.2,2.36,12.6,56.9,2.3,6,191.0
63.0,386.5,110.2,0.69,13.7,59.3,5.8,6,208.0
134.2,128.8,120.2,1.4,39.3,32.0,4.0,4,170.0
83.6,128.5,105.1,1.17,18.4,33.8,0.6,8,151.0
65.8,104.8,39.7,2.24,16.8,42.3,2.9,5,135.0
297.5,482.6,133.9,0.67,27.7,61.5,5.3,7,354.0
130.6,395.0,90.1,0.92,36.9,34.7,2.2,9,248.0
252.5,241.3,56.7,2.0,12.2,28.1,1.0,5,271.0
113.7,218.6,75.3,0.6,30.2,87.9,4.7,5,164.0
220.4,239.9,24.9,1.49,14.2,21.5,3.8,4,236.0
240.1,409.9,36.6,1.38,11.3,76.2,3.6,6,303.0
198.9,364.5,119.5,1.17,11.8,75.2,0.8,2,251.0
167.9,174.1,20.0,1.29,39.2,40.8,1.3,3,182.0
153.0,169.6,74.2,1.56,14.1,29.5,3.9,1,179.0
137.2,139.4,87.9,0.82,11.6,30.2,1.6,2,140.0
282.4,364.1,27.1,1.64,25.3,68.8,3.3,2,300.0
257.7,405.7,146.5,2.11,39.5,65.0,3.5,8,353.0
291.3,206.0,49.4,2.02,19.2,74.8,2.1,8,280.0
81.1,108.4,59.5,0.81,24.8,85.6,5.7,2,115.0
232.7,132.9,59.5,0.8,11.4,68.4,5.1,6,229.0
284.6,487.1,50.0,1.04,25.7,30.9,4.5,5,338.0
95.3,218.2,20.2,1.22,30.2,37.0,0.9,3,153.0
66.6,407.7,114.8,1.32,30.0,79.0,1.1,5,216.0
235.3,349.9,145.7,1.86,21.6,34.7,3.2,5,306.0
193.6,252.8,49.2,0.61,21.0,25.1,1.4,5,220.0
260.5,182.3,106.2,0.57,13.7,69.2,5.9,3,206.0
84.9,148.6,116.4,1.28,22.8,48.2,1.4,3,131.0
248.8,346.0,130.3,1.89,13.5,84.4,3.2,4,304.0
100.4,409.9,74.9,0.89,36.8,65.5,2.5,7,232.0
90.9,357.6,59.4,1.78,43.8,26.3,4.0,2,193.0
91.1,312.1,62.3,1.02,44.0,86.3,1.2,10,231.0
253.6,116.8,112.6,2.27,40.3,38.1,2.9,4,231.0
216.3,487.4,126.2,2.29,31.0,43.6,2.0,4,333.0
180.8,419.5,43.6,1.09,34.5,48.2,5.4,1,246.0
139.7,217.1,68.2,0.96,20.0,23.6,0.7,10,200.0
269.3,492.0,137.3,1.32,32.1,54.8,5.5,8,364.0
148.1,340.8,124.9,0.98,25.9,28.6,5.1,1,217.0
254.1,333.0,148.0,1.84,26.9,48.1,2.1,8,314.0
159.8,399.2,118.1,2.15,36.5,44.5,4.8,7,286.0
144.2,424.7,71.1,1.85,19.9,74.1,0.7,9,295.0
165.7,362.6,96.8,2.15,21.1,76.2,5.8,8,265.0
125.3,151.2,105.9,1.29,42.4,30.7,3.4,5,161.0
236.9,235.3,30.2,0.81,12.0,45.7,2.2,8,250.0
175.7,471.2,90.8,1.98,27.0,46.1,2.5,10,323.0
108.1,189.8,112.2,1.22,41.9,30.6,0.9,3,156.0
274.9,248.9,41.8,1.84,31.4,75.9,5.9,10,312.0
146.0,272.8,121.5,1.04,29.1,69.5,0.7,7,216.0
185.9,275.8,95.9,0.66,18.7,33.3,4.1,4,238.0
276.6,345.2,143.8,2.49,22.0,45.7,2.9,5,313.0
206.1,477.2,25.5,0.81,39.8,27.4,5.7,9,288.0
79.2,196.3,54.5,2.48,29.6,64.0,1.9,7,197.0
285.0,148.6,98.2,2.45,28.0,28.5,3.4,4,256.0
206.9,179.0,58.6,2.09,13.5,89.0,3.2,6,225.0
133.7,454.8,112.9,1.82,10.6,74.6,4.4,10,311.0
84.8,358.3,118.7,1.66,43.7,47.3,0.9,7,225.0
248.5,214.4,33.3,2.23,23.2,60.5,1.6,10,296.0
205.0,426.4,86.8,1.08,31.1,83.8,1.7,9,300.0
183.4,444.5,86.2,1.44,12.8,58.8,4.6,4,286.0
273.5,438.6,68.0,1.74,33.9,32.2,1.5,10,355.0
247.1,467.6,141.3,1.32,42.6,46.5,3.7,3,310.0
87.9,200.9,127.6,1.35,30.1,79.0,1.7,8,201.0
127.9,402.0,110.6,1.16,14.4,65.1,5.2,1,235.0
112.1,284.2,112.9,1.63,30.4,65.6,5.7,9,223.0
236.0,436.8,80.0,2.2,36.8,80.7,3.4,1,304.0
58.4,391.4,139.7,0.9,24.2,82.6,2.4,2,203.0
192.5,410.6,110.3,2.37,40.8,84.4,1.8,8,308.0
240.6,362.5,114.8,1.88,32.7,26.6,0.8,9,314.0
269.2,171.0,132.0,2.15,41.5,58.1,2.0,7,282.0
135.5,318.0,55.6,1.61,31.8,71.8,4.1,3,239.0
255.3,493.9,124.9,2.06,14.6,73.0,3.4,7,365.0
77.7,475.0,45.4,0.53,20.8,62.5,5.7,6,237.0
261.6,117.3,64.9,2.14,17.1,31.7,2.7,2,215.0
81.9,165.9,63.6,0.58,41.8,75.8,4.3,3,127.0
149.3,152.7,147.2,2.28,36.6,70.4,3.2,10,227.0
249.3,390.4,131.3,2.48,33.7,26.0,3.3,10,373.0
87.5,427.1,111.2,1.09,20.5,52.5,2.0,5,246.0
107.3,185.4,114.5,0.92,16.4,32.2,3.0,10,212.0
230.6,302.3,93.1,2.03,36.5,43.6,3.1,4,269.0
230.0,436.3,143.1,1.01,26.6,21.3,4.4,2,291.0
210.3,393.1,84.5,2.23,17.9,48.0,5.7,4,300.0
223.5,316.9,69.5,0.71,31.6,58.5,2.3,8,261.0
185.7,336.1,41.2,0.75,11.4,63.4,0.7,5,239.0
112.9,303.3,122.2,2.46,21.4,66.4,3.2,5,243.0
136.4,219.0,115.5,1.85,26.4,78.5,3.5,10,227.0
95.4,326.0,70.0,2.19,15.2,35.1,1.4,3,204.0
277.1,375.6,23.3,1.15,44.5,28.4,4.7,8,309.0
195.8,449.3,129.1,1.85,17.3,79.6,5.9,6,299.0
150.2,354.5,21.5,1.69,14.6,31.0,5.7,2,236.0
165.5,404.4,111.5,1.71,17.1,88.2,1.6,2,252.0
286.8,164.0,146.1,1.87,36.9,79.0,5.3,9,281.0
88.3,284.6,76.9,1.65,24.9,55.1,4.4,7,211.0
196.6,103.7,50.5,1.36,29.8,88.7,3.0,10,212.0
176.5,198.7,111.6,1.05,10.7,26.8,3.5,9,220.0
202.9,390.6,126.2,2.04,11.2,41.2,5.2,6,310.0
54.5,496.7,91.0,0.95,25.6,64.7,3.1,5,224.0
268.0,139.7,145.7,1.88,38.6,44.5,2.6,1,211.0
283.0,260.6,26.7,0.97,41.0,85.0,3.2,6,285.0
191.3,420.0,85.6,1.75,13.0,24.6,3.7,6,287.0
224.2,181.6,113.4,1.99,28.8,58.5,1.5,3,226.0
280.6,322.0,132.1,0.94,42.0,61.4,5.5,3,277.0
226.8,393.2,43.3,0.62,23.6,65.7,4.2,3,264.0
88.1,346.4,124.0,0.76,39.0,37.9,4.0,3,188.0
194.1,175.2,91.9,1.71,14.7,45.5,1.0,7,238.0
201.7,242.2,71.6,2.2,42.7,79.1,3.8,10,291.0
156.0,413.5,37.1,0.59,36.3,33.6,1.2,2,221.0
234.1,321.7,132.5,1.97,42.9,77.9,0.9,10,307.0
283.6,102.1,40.4,1.18,33.7,59.4,3.4,10,245.0
281.4,404.4,60.3,1.46,22.7,73.4,2.7,2,312.0
162.7,114.1,57.7,2.36,42.8,70.0,3.7,3,182.0
78.3,398.3,133.3,1.16,19.6,34.5,1.0,10,240.0
296.2,181.0,107.5,1.43,21.6,59.8,2.9,7,264.0
259.7,483.2,123.6,0.53,34.5,80.7,1.5,3,291.0
81.2,247.2,52.6,0.66,36.8,50.2,5.9,7,158.0
280.2,230.8,101.2,1.02,42.5,87.7,3.6,9,298.0
267.5,159.6,94.3,0.56,17.2,51.7,4.3,10,257.0
179.7,222.2,128.3,1.76,37.9,30.0,2.3,4,223.0
197.8,450.7,137.8,1.35,35.8,47.3,1.0,7,317.0
149.8,498.5,21.6,1.6,12.2,86.6,5.9,9,291.0
63.7,247.3,107.6,0.85,23.6,42.4,2.1,8,174.0
133.8,279.4,26.7,1.09,19.9,80.8,2.8,8,197.0
250.7,388.8,91.4,1.83,20.7,81.7,4.1,9,336.0
51.2,454.5,57.4,2.43,44.4,44.5,0.6,5,244.0
133.4,337.2,59.9,0.6,32.5,25.8,5.0,5,214.0
149.5,256.6,65.9,2.28,35.1,70.7,3.5,3,231.0
184.3,265.0,100.8,1.65,44.2,41.8,2.0,5,247.0
280.0,378.2,63.4,1.63,23.2,74.8,0.8,8,320.0
136.6,101.3,115.3,1.5,38.1,51.0,1.4,5,177.0
136.7,347.8,72.6,0.64,25.2,54.0,5.4,4,211.0
234.4,242.2,28.9,0.68,40.4,74.5,4.3,8,227.0
163.1,417.7,121.9,1.7,16.3,46.8,1.9,7,287.0
106.2,137.2,57.1,1.18,43.2,51.0,0.9,6,160.0
163.1,335.3,76.3,2.33,17.7,46.3,4.3,5,251.0
85.2,292.4,109.1,1.31,21.4,45.7,3.6,5,206.0
94.1,356.9,63.2,0.79,36.5,56.8,2.7,10,217.0
174.6,125.9,27.4,1.93,23.8,76.6,2.5,2,172.0
154.7,332.0,68.6,1.09,31.3,45.3,1.7,4,219.0
278.7,324.6,142.8,1.55,25.6,56.7,4.2,8,305.0
140.6,324.3,103.4,1.9,36.0,67.0,5.8,8,246.0
195.1,341.4,107.3,2.3,18.0,38.9,1.5,1,255.0
208.1,370.6,102.2,2.08,12.0,39.4,3.8,2,276.0
53.3,422.0,45.9,1.85,20.5,85.3,2.8,5,190.0
215.9,207.9,74.4,1.86,26.6,70.6,3.0,9,267.0
94.5,430.0,117.6,2.39,15.9,60.4,1.9,10,293.0
290.3,299.3,33.2,1.09,22.4,65.3,5.0,7,307.0
87.2,130.8,56.1,0.5,24.0,22.1,3.2,10,134.0
153.7,123.4,55.9,1.04,12.0,63.3,3.5,5,162.0
71.3,233.7,76.2,0.94,30.4,55.7,2.2,1,147.0
299.2,414.0,147.4,1.82,41.0,58.2,1.5,6,365.0
175.5,383.1,28.8,1.77,15.3,45.2,1.0,8,296.0
198.8,415.4,87.4,1.69,30.9,25.7,4.4,7,303.0
66.8,306.9,43.3,0.53,33.3,33.5,1.6,2,150.0
237.5,276.1,146.2,1.96,24.7,86.6,4.3,5,265.0
102.5,159.0,34.7,1.15,34.5,48.6,2.6,4,156.0
274.5,231.3,72.5,1.83,24.4,52.7,2.8,9,291.0
101.3,273.6,115.9,1.61,27.7,23.7,3.1,10,227.0
97.7,135.4,111.6,1.19,10.3,22.6,2.5,1,129.0
59.1,188.2,75.0,0.77,34.2,70.2,1.1,6,115.0
168.0,339.3,65.0,0.69,33.1,57.7,2.2,3,213.0
191.2,394.3,71.7,2.16,11.3,55.6,4.2,9,314.0
66.4,499.3,54.4,2.34,22.9,37.0,4.2,5,260.0
243.9,473.2,46.7,1.8,44.3,72.1,2.1,6,339.0
163.3,357.0,82.8,0.71,24.7,31.8,3.0,9,264.0
181.1,268.5,54.9,1.3,27.6,33.3,1.6,9,239.0
160.2,354.5,57.4,1.96,41.8,52.2,1.7,8,266.0
150.2,414.3,105.4,2.06,35.1,40.0,0.6,9,295.0
189.9,147.3,145.9,0.74,30.4,37.3,5.4,4,196.0
88.8,264.0,98.5,0.5,37.9,65.2,1.7,6,171.0
95.5,435.9,30.0,1.92,40.3,65.6,1.8,5,227.0
265.4,253.5,29.8,1.21,26.0,77.7,2.0,5,259.0
286.5,328.7,143.7,1.01,26.6,49.2,1.2,4,304.0
143.3,335.1,58.6,0.53,23.5,25.1,4.0,2,212.0
117.7,173.8,32.0,1.58,43.8,39.2,0.9,6,179.0
211.0,244.9,97.9,2.2,34.4,88.6,1.2,9,263.0
152.2,233.8,101.1,2.42,12.9,61.7,4.0,1,206.0
56.3,110.5,104.3,1.63,40.2,69.7,2.4,7,144.0
89.0,109.7,54.8,1.53,26.8,20.5,4.4,6,152.0
229.0,432.7,22.0,0.67,12.4,56.3,3.6,3,280.0
214.7,209.2,145.5,1.6,29.2,22.6,1.9,1,219.0
56.8,307.2,52.6,1.26,24.6,59.8,4.1,4,180.0
105.5,219.5,107.9,1.71,40.7,84.5,1.1,9,202.0
107.8,476.3,111.9,1.28,17.1,87.8,3.5,2,245.0
218.0,203.7,99.3,0.98,38.9,57.8,2.9,3,222.0
54.9,271.9,60.7,0.69,29.5,52.1,2.0,2,145.0
76.0,449.1,55.2,1.13,11.9,86.2,3.8,2,217.0
250.0,436.8,97.7,0.69,44.0,67.2,5.3,10,335.0
94.6,174.4,132.6,0.85,27.9,24.5,6.0,8,159.0
213.2,421.1,143.1,2.47,20.2,52.6,3.8,3,312.0
109.5,283.3,33.8,1.39,26.4,36.8,2.7,7,197.0
74.9,293.2,40.1,1.56,40.0,52.9,1.7,8,198.0
110.8,153.4,142.8,2.25,20.7,51.9,1.9,3,164.0
230.6,132.2,115.7,2.49,16.7,60.8,3.1,2,230.0
263.9,391.2,134.8,1.67,14.5,45.0,2.5,8,317.0
257.6,298.6,46.3,2.12,20.4,31.5,5.5,3,287.0
149.3,274.7,96.4,1.15,37.3,55.3,2.5,7,225.0
217.0,391.8,111.1,1.11,26.5,78.1,2.6,1,283.0
101.2,406.2,108.4,1.31,18.0,66.5,2.6,6,237.0
123.3,163.6,73.1,1.85,15.8,43.7,5.1,9,198.0
274.1,344.1,22.0,1.86,21.6,85.5,4.1,3,302.0
53.3,154.1,95.8,1.13,42.9,83.9,3.9,7,139.0
71.4,400.6,52.9,0.77,22.0,34.7,2.3,6,209.0
102.0,362.8,78.5,1.76,44.6,22.8,5.0,8,253.0
56.6,482.6,144.5,0.76,27.0,71.9,0.7,3,215.0
95.4,127.6,71.9,1.66,16.3,77.9,5.3,3,153.0
195.8,122.8,129.2,1.89,41.2,87.8,3.3,4,189.0
155.4,212.9,44.5,1.9,26.1,82.3,2.7,3,215.0
273.2,204.7,107.4,2.01,34.8,62.0,3.2,9,276.0
254.4,198.8,147.0,2.25,44.4,57.1,4.2,4,280.0
135.5,462.5,33.2,1.5,11.8,21.9,0.6,6,251.0
114.9,199.8,21.1,1.96,13.4,37.3,5.3,8,219.0
144.9,208.8,76.4,1.74,35.2,52.2,3.0,8,219.0
197.6,403.8,32.0,0.87,19.9,64.0,2.4,5,256.0
117.0,279.9,117.3,0.55,16.5,59.0,1.3,5,209.0
206.0,410.7,138.9,1.07,11.4,72.0,2.9,6,281.0
152.4,126.1,76.4,1.39,10.8,39.6,3.2,10,197.0
188.0,295.0,53.6,1.73,37.1,59.5,2.7,7,284.0
159.0,113.4,76.5,2.2,14.7,26.2,4.2,10,219.0
123.6,125.1,114.0,0.89,26.4,49.0,2.8,7,143.0
287.1,462.6,21.2,0.75,31.2,72.5,5.8,4,317.0
240.9,155.7,96.6,2.43,25.0,68.5,3.8,6,252.0
85.0,313.0,99.7,0.72,10.9,89.3,4.9,7,198.0
267.1,264.4,102.9,1.46,37.4,39.5,1.1,5,277.0
171.9,238.9,51.5,1.67,10.4,54.9,2.7,5,227.0
273.6,459.9,112.8,1.58,36.7,43.1,2.4,2,312.0
250.0,108.7,31.9,0.67,41.3,50.8,3.6,7,204.0
156.3,365.5,45.9,0.61,25.1,80.0,5.2,6,238.0
55.6,485.4,134.1,0.71,28.7,67.9,0.9,1,198.0
117.2,324.1,116.0,1.67,26.7,81.8,0.9,4,232.0
185.4,474.7,21.8,1.59,23.6,34.2,5.2,3,277.0
208.4,120.9,52.3,0.97,41.1,81.1,1.7,3,182.0
114.5,267.5,47.9,1.78,41.3,24.2,4.2,7,212.0
84.8,204.1,55.2,2.14,21.8,82.2,3.5,10,192.0
258.7,392.3,52.2,0.58,31.5,43.0,5.1,4,284.0
296.1,492.5,28.1,1.5,42.4,42.0,1.2,8,355.0
181.4,202.6,79.7,1.88,43.7,55.8,1.2,9,238.0
92.9,361.7,115.3,1.0,27.8,85.8,3.6,3,202.0
118.1,179.2,98.9,1.12,25.8,23.3,5.7,5,156.0
54.6,326.1,107.5,1.73,19.8,44.7,2.8,4,197.0
278.6,285.6,30.5,2.3,43.6,80.0,2.3,10,327.0
79.4,488.8,143.7,2.12,15.0,47.7,3.8,6,278.0
194.1,343.4,129.0,1.67,30.3,33.9,5.6,10,296.0
118.5,239.8,124.7,1.96,19.9,49.7,5.1,4,191.0
188.5,145.6,127.0,1.23,19.8,47.0,6.0,8,215.0
212.9,160.5,141.3,1.78,24.2,84.1,0.6,3,226.0
257.4,190.1,90.8,1.43,45.0,73.3,1.1,5,237.0
101.6,200.4,46.0,0.88,11.9,55.4,3.9,1,127.0
52.7,440.2,100.2,1.9,30.2,89.2,5.0,6,234.0
84.2,324.5,116.6,1.61,12.9,52.6,2.1,5,205.0
275.0,309.4,115.9,1.22,15.4,24.1,1.8,8,306.0
268.5,145.9,87.8,2.32,25.4,38.4,4.8,9,275.0
199.4,444.1,28.9,0.54,27.9,50.5,0.8,8,288.0
200.1,389.1,68.2,1.13,19.1,31.0,2.5,8,298.0
216.3,127.1,139.7,0.61,21.1,86.3,3.3,3,193.0
93.8,383.1,96.0,2.03,13.0,73.7,3.6,4,233.0
278.6,317.4,90.0,1.9,20.6,38.8,4.5,4,290.0
154.7,132.7,55.0,1.16,43.8,61.4,2.5,5,164.0
145.8,283.3,67.9,1.85,43.1,70.5,3.9,9,255.0
179.7,293.9,136.4,1.29,21.7,85.9,3.7,9,258.0
61.7,166.3,106.6,2.01,30.0,81.7,3.5,10,172.0
91.6,478.3,122.4,1.41,41.8,56.1,4.0,1,256.0
234.5,440.0,79.1,1.32,10.2,74.2,1.9,8,339.0
70.7,367.6,101.9,2.37,38.4,59.4,1.0,1,207.0
200.8,284.9,52.3,1.0,43.2,58.7,1.2,2,210.0
111.3,264.7,111.7,0.74,13.2,28.0,1.7,7,203.0
147.3,360.4,75.6,1.67,15.7,28.8,3.3,8,258.0
122.2,318.2,77.5,2.44,43.6,57.1,5.1,1,227.0
138.9,124.9,104.4,1.26,28.8,38.8,4.4,3,153.0
229.8,305.0,141.7,0.62,10.5,21.5,4.8,7,284.0
124.3,422.6,28.3,1.18,19.0,70.6,2.4,9,255.0
191.6,283.7,127.2,1.51,25.7,22.3,2.7,8,287.0
169.0,120.8,58.0,0.82,34.3,61.7,2.7,8,185.0
215.9,414.5,77.7,1.82,35.7,57.7,1.6,9,335.0
284.2,180.5,22.8,2.5,44.8,87.8,0.8,10,293.0
233.1,203.4,59.1,1.4,20.1,53.9,3.8,3,213.0
103.7,165.9,85.3,1.21,28.8,24.5,5.9,8,151.0
57.8,232.1,27.3,1.3,28.7,58.6,1.4,1,145.0
115.6,402.7,83.8,0.73,24.2,78.9,0.8,8,242.0
198.8,307.8,140.5,2.27,15.9,89.8,4.8,7,274.0
62.9,182.0,33.7,1.33,44.2,50.1,1.9,8,169.0
174.1,451.1,119.4,1.27,39.9,42.4,5.1,1,276.0
199.2,451.8,73.3,1.82,27.4,83.5,4.4,6,323.0
133.6,448.2,105.2,1.38,31.1,33.4,5.7,7,261.0
242.7,195.5,53.8,1.8,18.0,63.1,2.7,5,259.0
76.6,280.5,40.7,0.62,29.0,48.4,4.1,5,168.0
68.8,494.0,40.9,2.13,34.3,22.9,3.1,7,279.0
232.0,408.8,29.2,2.38,28.0,44.3,4.0,3,310.0
173.9,110.9,44.1,1.8,44.7,38.6,3.0,6,192.0
222.1,126.1,106.3,2.41,31.4,68.0,1.5,7,255.0
158.7,285.6,134.6,0.8,23.0,86.4,3.3,1,208.0
111.6,463.7,125.8,1.45,37.0,38.8,3.4,2,257.0
254.8,315.5,109.1,1.7,16.0,76.8,5.0,4,282.0
249.9,299.1,34.4,1.66,23.5,23.9,4.5,8,290.0
223.7,142.2,57.6,1.3,22.1,57.7,4.2,10,219.0
118.0,362.7,60.3,1.18,25.1,24.9,1.1,6,222.0
197.6,428.8,52.5,0.75,37.4,85.4,4.5,1,261.0
140.2,252.2,87.0,1.28,26.9,73.6,3.3,10,236.0
72.9,410.2,89.6,0.83,37.8,66.1,5.4,5,200.0
279.3,485.8,66.4,1.97,30.2,77.7,5.6,7,379.0
84.2,181.5,66.0,0.92,22.0,65.3,0.8,6,181.0
287.6,309.3,127.7,0.62,38.3,87.8,5.0,9,298.0
161.5,214.9,122.6,1.6,18.3,70.0,0.7,8,227.0
96.3,417.1,60.0,1.69,17.9,84.7,2.5,4,227.0
185.5,331.0,138.8,2.24,27.7,56.2,3.5,5,275.0
268.2,353.8,143.9,1.65,19.1,28.2,1.3,7,325.0
233.1,419.2,62.5,1.19,10.3,57.0,4.6,8,305.0
251.6,258.4,66.1,2.11,32.7,28.9,0.5,5,274.0
214.7,466.0,85.7,1.58,27.9,61.5,1.4,9,333.0
223.1,313.2,142.3,0.66,25.6,53.8,3.7,10,288.0
262.3,163.2,133.9,1.63,43.8,63.6,4.4,4,261.0
112.4,378.4,33.3,2.32,30.0,20.7,5.5,4,239.0
172.4,417.3,71.1,1.29,40.2,33.6,4.4,8,279.0
105.3,226.7,91.9,1.09,14.9,54.4,4.2,1,164.0
296.9,442.9,85.4,0.79,29.9,86.5,2.7,8,350.0
286.0,462.5,45.2,0.8,40.4,46.9,0.5,5,325.0
59.9,210.8,131.6,1.37,30.4,49.7,1.2,1,144.0
226.4,493.4,108.0,1.69,35.1,70.0,3.4,4,322.0
281.3,156.3,128.9,0.66,23.0,62.3,4.2,2,218.0
95.1,180.8,131.6,2.38,13.2,40.9,2.8,4,164.0
192.0,173.7,117.3,2.01,26.0,48.8,4.5,8,237.0
278.9,457.6,77.1,1.67,23.8,35.2,3.4,5,325.0
58.5,361.7,99.4,2.16,40.3,87.6,0.9,1,190.0
224.4,160.8,40.8,0.66,18.5,29.1,1.6,7,219.0
124.3,276.1,107.6,1.45,43.8,46.0,5.1,1,175.0
281.1,346.1,43.3,1.76,43.5,21.8,4.5,9,327.0
292.8,133.4,110.2,2.16,18.7,35.5,5.4,3,256.0
286.1,453.0,49.8,2.07,22.2,74.6,1.1,3,338.0
168.6,421.4,35.3,1.05,41.3,34.1,5.9,6,260.0
265.5,302.1,41.5,2.38,43.8,25.6,1.7,10,328.0
261.1,486.9,20.3,0.75,25.5,53.2,0.6,6,328.0
129.8,267.1,113.4,2.25,21.2,20.7,6.0,6,231.0
257.2,493.6,115.2,2.44,28.4,25.9,2.0,1,338.0
59.3,367.2,86.9,0.85,34.1,76.5,4.2,5,199.0
199.1,353.9,41.0,1.94,19.6,74.0,1.5,6,266.0
107.5,166.4,30.9,0.58,35.8,84.1,3.7,8,165.0
80.1,452.8,22.5,1.31,11.8,79.8,5.5,1,214.0
69.2,271.0,41.5,1.53,11.7,67.8,2.3,5,178.0
224.1,164.9,135.8,1.66,23.5,23.7,4.2,3,223.0
135.0,105.0,51.4,2.37,22.4,74.8,1.5,2,143.0
231.2,323.9,66.1,1.84,21.0,79.2,3.9,8,310.0
66.3,311.0,33.7,1.46,27.2,75.9,2.4,7,202.0
128.8,387.7,48.9,2.12,21.2,55.6,1.7,10,268.0
184.9,456.1,87.5,2.4,16.7,36.3,2.2,7,329.0
247.7,131.8,99.0,0.54,20.8,79.2,1.5,5,211.0
129.7,392.6,51.9,2.47,44.1,70.9,5.5,9,276.0
206.5,175.0,27.5,0.67,24.4,88.7,2.7,5,209.0
271.5,443.3,70.8,2.13,25.6,30.9,1.8,2,324.0
204.0,427.6,50.4,1.06,30.2,35.8,3.0,3,285.0
108.2,316.3,48.5,0.76,44.4,34.8,2.3,4,194.0
56.1,384.1,144.8,1.38,18.5,75.5,4.6,5,220.0
267.5,225.7,100.1,1.79,33.8,33.1,5.8,3,268.0
55.3,288.5,92.4,1.26,35.1,24.7,2.9,7,189.0
268.7,428.7,74.1,0.61,31.3,89.9,5.2,5,310.0
182.2,283.7,75.8,1.7,13.1,21.7,3.6,5,236.0
284.8,243.1,90.3,2.3,33.7,78.5,1.4,6,301.0
249.7,297.7,110.5,1.27,12.2,45.6,4.3,7,295.0
299.5,431.3,111.3,0.93,30.9,78.9,3.3,10,366.0
137.7,234.1,42.3,1.39,35.9,58.8,4.1,10,226.0
241.8,169.5,85.0,0.6,17.4,83.1,5.4,8,211.0
150.5,384.8,73.6,2.14,39.5,84.8,2.9,9,284.0
170.0,430.4,133.2,2.15,11.1,20.6,5.5,4,287.0
206.9,140.3,102.1,1.68,39.5,25.3,4.6,5,203.0
268.4,195.9,89.2,1.21,26.1,37.5,3.2,5,260.0
296.0,156.8,35.0,2.1,17.6,66.9,3.8,8,260.0
242.1,239.2,98.7,1.61,14.7,82.2,2.3,9,288.0
154.4,280.1,35.2,2.15,43.4,52.2,5.9,7,256.0
155.3,399.5,63.8,1.76,12.5,62.5,4.2,5,262.0
234.4,360.5,38.6,2.07,17.0,33.2,0.7,3,285.0
109.7,348.4,110.0,1.7,22.2,76.3,2.3,1,219.0
77.6,240.9,46.8,1.33,31.7,87.7,3.9,9,180.0
138.7,436.6,70.9,2.42,29.1,38.8,0.8,5,287.0
121.8,288.5,136.4,1.58,14.4,54.6,0.6,9,229.0
124.1,491.6,46.6,1.71,20.1,26.0,3.0,10,286.0
108.4,353.7,86.0,0.94,18.4,59.1,2.3,4,211.0
60.5,150.5,74.5,1.75,17.5,55.2,2.9,5,143.0
54.5,370.5,22.4,1.64,24.4,30.1,1.9,4,176.0
296.9,230.0,123.1,0.87,34.6,50.9,1.4,2,271.0
156.9,374.5,29.0,0.62,17.6,43.4,4.3,1,207.0
146.1,127.9,81.7,1.71,22.8,56.5,3.3,8,199.0
219.9,170.0,92.9,2.03,23.7,61.0,1.6,4,247.0
104.6,442.3,101.7,1.55,44.2,20.6,2.3,5,254.0
287.5,190.9,109.5,0.95,43.4,73.3,3.8,6,274.0
246.6,434.8,52.9,1.83,38.0,69.9,0.9,8,327.0
72.4,211.7,21.3,0.66,18.5,45.6,1.3,8,169.0
154.4,357.2,114.0,1.38,12.4,23.7,0.9,7,250.0
269.8,377.7,89.6,0.83,21.1,72.8,5.0,4,288.0
286.2,305.1,128.7,0.87,19.3,86.9,4.6,6,280.0
166.9,222.1,126.8,0.9,27.7,36.8,4.6,4,203.0
203.4,185.1,129.6,1.27,37.2,42.6,4.4,7,237.0
91.8,113.3,83.1,0.6,40.0,32.9,4.2,1,113.0
297.8,221.6,63.4,1.3,39.6,60.4,3.1,5,258.0
107.9,361.3,122.9,1.52,22.6,30.8,4.0,10,259.0
285.7,475.3,78.7,1.47,34.1,44.9,0.7,10,377.0
212.4,448.5,43.8,1.27,20.9,68.8,3.9,4,297.0
201.9,406.4,131.1,2.18,12.1,59.2,4.8,7,307.0
178.2,415.4,134.7,0.79,34.6,47.1,3.3,9,263.0
107.7,366.0,80.6,1.51,10.3,49.4,2.5,5,234.0
